{"chunk_definitions":[{"row":24,"row_count":1,"visible":true,"expansion_state":0,"options":{"engine":"r","label":"unnamed-chunk-42","include":false,"warning":false,"message":false,"dev":"png"},"document_id":"EF51D953","chunk_id":"chroq1cuqj0nv","chunk_label":"unnamed-chunk-1"},{"row":55,"row_count":1,"visible":true,"expansion_state":0,"options":{"engine":"r","label":"fig-marriages","echo":false,"dev":"png"},"document_id":"EF51D953","chunk_id":"crtzx6e8p28wr","chunk_label":"fig-marriages"}],"doc_write_time":1726790180,"chunk_rendered_width":698}